<?xml version="1.0" encoding="UTF-8"?>
<beans xmlns="http://www.springframework.org/schema/beans"
	xmlns:xsi="http://www.w3.org/2001/XMLSchema-instance" xmlns:context="http://www.springframework.org/schema/context"
	xmlns:mvc="http://www.springframework.org/schema/mvc"
	xsi:schemaLocation="http://www.springframework.org/schema/mvc 
						http://www.springframework.org/schema/mvc/spring-mvc-3.0.xsd
						http://www.springframework.org/schema/beans 
						http://www.springframework.org/schema/beans/spring-beans-3.0.xsd
						http://www.springframework.org/schema/context 
						http://www.springframework.org/schema/context/spring-context-3.0.xsd">
						
	<context:component-scan base-package="br.com.treinamento.estoque" />
	<mvc:annotation-driven />
	<mvc:default-servlet-handler/>
	
	<mvc:interceptors> 
		<bean class="br.com.treinamento.estoque.interceptor.AutorizadorInterceptor" />
	</mvc:interceptors>
	
		<bean id="mysqlDataSource" class="org.apache.commons.dbcp.BasicDataSource">
			<property name="driverClassName" value="org.hsqldb.jdbcDriver"/>
			<property name="url" value="jdbc:hsqldb:file:contas.db"/>
			<property name="username" value="sa"/>
			<property name="password" value=""/>
		</bean>
	
	<bean class="org.springframework.web.servlet.view.InternalResourceViewResolver">
		<property name="prefix" value="/WEB-INF/views/" />
		<property name="suffix" value=".jsp" />
	</bean>
	
	<bean id="conversionService" class="org.springframework.context.support.ConversionServiceFactoryBean">
		<property name="converters">
			<list>
				<bean
					class="br.com.treinamento.estoque.StringToEnumConverterFactory" />
			</list>
		</property>
	</bean>
</beans>

